[
  {
    "id": "c1",
    "name": "MSA 2025",
    "parties": "Microsoft & ABC Corp",
    "expiry": "2025-12-31",
    "status": "Active",
    "risk": "Medium"
  },
  {
    "id": "c2",
    "name": "Network Services Agreement",
    "parties": "TelNet & ABC Corp",
    "expiry": "2025-10-10",
    "status": "Renewal Due",
    "risk": "High"
  },
  {
    "id": "c3",
    "name": "Cloud Hosting Contract",
    "parties": "AWS & XYZ Ltd",
    "expiry": "2025-05-20",
    "status": "Expired",
    "risk": "Low"
  }
]

