{
  "id": "c1",
  "name": "MSA 2025",
  "parties": "Microsoft & ABC Corp",
  "start": "2023-01-01",
  "expiry": "2025-12-31",
  "status": "Active",
  "risk": "Medium",
  "clauses": [
    { "title": "Termination", "summary": "90 days notice period.", "confidence": 0.82 },
    { "title": "Liability Cap", "summary": "12 months’ fees limit.", "confidence": 0.87 }
  ],
  "insights": [
    { "risk": "High", "message": "Liability cap excludes data breach costs." },
    { "risk": "Medium", "message": "Renewal auto-renews unless cancelled 60 days before expiry." }
  ],
  "evidence": [
    { "source": "Section 12.2", "snippet": "Total liability limited to 12 months’ fees.", "relevance": 0.91 }
  ]
}
