{
  "id": "c2",
  "name": "Network Services Agreement",
  "parties": "TelNet & ABC Corp",
  "start": "2024-01-01",
  "expiry": "2025-10-10",
  "status": "Renewal Due",
  "risk": "High",
  "clauses": [
    { "title": "Service Uptime", "summary": "99.9% guaranteed uptime.", "confidence": 0.9 },
    { "title": "Data Security", "summary": "Provider must encrypt all customer data.", "confidence": 0.88 }
  ],
  "insights": [
    { "risk": "High", "message": "Penalties for downtime are capped at 5% of monthly fees." },
    { "risk": "Medium", "message": "No clear termination clause before renewal." }
  ],
  "evidence": [
    { "source": "Section 5.1", "snippet": "Uptime commitment of 99.9% per month.", "relevance": 0.89 },
    { "source": "Section 8.3", "snippet": "Data must be encrypted at rest and in transit.", "relevance": 0.92 }
  ]
}
